{
    "acc": 0.901825487613678,
    "precision": 0.9110668897628784,
    "recall": 0.8937041759490967,
    "tp": 74610.0,
    "tn": 243169.0,
    "fp": 7283.0,
    "fn": 8874.0,
    "sensitivity": 0.8937041828374299,
    "specificity": 0.9709205755993164,
    "ppv": 0.9110668799531095,
    "npv": 0.9647917220474285,
    "f1": 0.45115100713831063
}